run,phase,step,train_loss,val_bpb,tok_per_sec,dt_ms
baseline,base,0,8.317948,3.456354,43446,94.28
baseline,base,1,8.317826,,37266,109.91
baseline,base,2,8.317536,,46728,87.66
baseline,base,3,8.317013,,36227,113.06
baseline,base,4,8.316496,,44725,91.58
baseline,base,5,8.315787,,46886,87.36
baseline,base,6,8.31495,,48954,83.67
baseline,base,7,8.313794,,47879,85.55
baseline,base,8,8.312517,,41818,97.95
baseline,base,9,8.310997,,52424,78.13
baseline,base,10,8.309001,,54368,75.34
baseline,base,11,8.306645,,46258,88.55
baseline,base,12,8.304211,,45301,90.42
baseline,base,13,8.301476,,50011,81.9
baseline,base,14,8.297294,,51282,79.87
baseline,base,15,8.292482,,39013,104.99
baseline,base,16,8.286361,,49806,82.24
baseline,base,17,8.277264,,51403,79.68
baseline,base,18,8.267372,,47063,87.03
baseline,base,19,8.255134,,51344,79.77
baseline,base,20,8.241004,,44297,92.47
baseline,base,21,8.224694,,54610,75.0
baseline,base,22,8.203681,,41591,98.48
baseline,base,23,8.179961,,46901,87.33
baseline,base,24,8.15262,,42279,96.88
baseline,base,25,8.120002,3.264407,49201,83.25
baseline,base,26,8.088651,,51484,79.56
baseline,base,27,8.050563,,54947,74.54
baseline,base,28,8.010766,,52396,78.17
baseline,base,29,7.970909,,53544,76.5
baseline,base,30,7.922606,,36878,111.07
baseline,base,31,7.872882,,51066,80.21
baseline,base,32,7.820827,,49986,81.94
baseline,base,33,7.768875,,46360,88.35
baseline,base,34,7.720397,,46276,88.51
baseline,base,35,7.674116,,48415,84.6
baseline,base,36,7.61767,,47428,86.36
baseline,base,37,7.574731,,36422,112.46
baseline,base,38,7.522139,,49173,83.3
baseline,base,39,7.473195,,47368,86.47
baseline,base,40,7.426391,,46102,88.85
baseline,base,41,7.379998,,48184,85.01
baseline,base,42,7.349654,,49584,82.61
baseline,base,43,7.308645,,46750,87.61
baseline,base,44,7.268825,,35798,114.42
baseline,base,45,7.232777,,39742,103.06
baseline,base,46,7.203877,,51853,78.99
baseline,base,47,7.171649,,48688,84.13
baseline,base,48,7.136724,,47031,87.09
baseline,base,49,7.112009,,49656,82.49
baseline,base,50,7.073482,2.812441,46165,88.72
baseline,base,51,7.039172,,32648,125.46
baseline,base,52,7.004105,,46832,87.46
baseline,base,53,6.971768,,51730,79.18
baseline,base,54,6.94248,,52576,77.91
baseline,base,55,6.918357,,50931,80.42
baseline,base,56,6.889138,,44917,91.19
baseline,base,57,6.867191,,50330,81.38
baseline,base,58,6.832836,,39927,102.59
baseline,base,59,6.818244,,51485,79.56
baseline,base,60,6.794643,,49689,82.43
baseline,base,61,6.767102,,51528,79.49
baseline,base,62,6.741747,,46750,87.61
baseline,base,63,6.716864,,43367,94.45
baseline,base,64,6.692663,,49390,82.93
baseline,base,65,6.664186,,53102,77.13
baseline,base,66,6.640474,,36993,110.72
baseline,base,67,6.6175,,45385,90.25
baseline,base,68,6.59505,,45108,90.8
baseline,base,69,6.583112,,46109,88.83
baseline,base,70,6.564196,,42277,96.88
baseline,base,71,6.54288,,50209,81.58
baseline,base,72,6.532643,,43719,93.69
baseline,base,73,6.516272,,35719,114.67
baseline,base,74,6.502498,,47879,85.55
baseline,base,75,6.486334,2.637682,50826,80.59
baseline,base,76,6.465426,,51502,79.53
baseline,base,77,6.444174,,53009,77.27
baseline,base,78,6.422101,,47299,86.6
baseline,base,79,6.421018,,52576,77.91
baseline,base,80,6.393405,,36902,111.0
baseline,base,81,6.384771,,45485,90.05
baseline,base,82,6.373175,,50144,81.68
baseline,base,83,6.361198,,53519,76.53
baseline,base,84,6.343582,,50151,81.67
baseline,base,85,6.332618,,48545,84.37
baseline,base,86,6.310867,,43822,93.47
baseline,base,87,6.30317,,36600,111.91
baseline,base,88,6.297558,,50717,80.76
baseline,base,89,6.296624,,51091,80.17
baseline,base,90,6.288335,,53782,76.16
baseline,base,91,6.266185,,49613,82.56
baseline,base,92,6.248445,,51762,79.13
baseline,base,93,6.23608,,48513,84.43
baseline,base,94,6.228124,,40872,100.21
baseline,base,95,6.218133,,50598,80.95
baseline,base,96,6.208859,,40960,100.0
baseline,base,97,6.198791,,51725,79.19
baseline,base,98,6.190453,,47580,86.09
baseline,base,99,6.173866,,45614,89.8
baseline,base,100,6.169612,2.536046,43837,93.44
baseline,base,101,6.154476,,36651,111.75
baseline,base,102,6.157847,,47113,86.94
baseline,base,103,6.155382,,51639,79.32
baseline,base,104,6.147943,,45514,89.99
baseline,base,105,6.152564,,43775,93.57
baseline,base,106,6.14929,,45256,90.51
baseline,base,107,6.138919,,45797,89.44
baseline,base,108,6.126594,,37284,109.86
baseline,base,109,6.119049,,48805,83.93
baseline,base,110,6.104318,,52015,78.75
baseline,base,111,6.102414,,46545,88.0
baseline,base,112,6.09689,,49464,82.81
baseline,base,113,6.08057,,46081,88.89
baseline,base,114,6.071547,,46782,87.55
baseline,base,115,6.065662,,40299,101.64
baseline,base,116,6.058152,,52425,78.13
baseline,base,117,6.057636,,51612,79.36
baseline,base,118,6.057097,,53111,77.12
baseline,base,119,6.049002,,51530,79.49
baseline,base,120,6.039524,,38865,105.39
baseline,base,121,6.02671,,47428,86.36
baseline,base,122,6.018956,,39461,103.8
baseline,base,123,6.006148,,47927,85.46
baseline,base,124,6.0006,,45102,90.81
baseline,base,125,5.998715,2.465698,46176,88.7
baseline,base,126,5.986931,,48124,85.11
baseline,base,127,5.977901,,52779,77.61
baseline,base,128,5.967784,,53222,76.96
baseline,base,129,5.956383,,40077,102.2
baseline,base,130,5.958647,,50164,81.65
baseline,base,131,5.950907,,51954,78.84
baseline,base,132,5.945116,,51327,79.8
baseline,base,133,5.937776,,49767,82.3
baseline,base,134,5.92775,,44262,92.54
baseline,base,135,5.917893,,45255,90.51
baseline,base,136,5.923909,,44849,91.33
baseline,base,137,5.917033,,34607,118.36
baseline,base,138,5.911007,,48740,84.04
baseline,base,139,5.915599,,49967,81.97
baseline,base,140,5.915771,,50299,81.43
baseline,base,141,5.913674,,44543,91.95
baseline,base,142,5.918976,,48664,84.17
baseline,base,143,5.902831,,51280,79.87
baseline,base,144,5.900275,,38375,106.73
baseline,base,145,5.899401,,40387,101.42
baseline,base,146,5.889077,,49778,82.28
baseline,base,147,5.881316,,51075,80.2
baseline,base,148,5.883834,,51907,78.91
baseline,base,149,5.872869,,51679,79.26
baseline,base,150,5.86463,2.413566,44466,92.12
baseline,base,151,5.854257,,36797,111.31
baseline,base,152,5.841718,,45224,90.57
baseline,base,153,5.837588,,50554,81.02
baseline,base,154,5.830047,,51355,79.76
baseline,base,155,5.834055,,45377,90.26
baseline,base,156,5.82435,,45498,90.02
baseline,base,157,5.818296,,50603,80.94
baseline,base,158,5.821149,,40079,102.2
baseline,base,159,5.820284,,50277,81.47
baseline,base,160,5.822099,,45702,89.62
baseline,base,161,5.820045,,49842,82.18
baseline,base,162,5.806488,,46418,88.24
baseline,base,163,5.796203,,48987,83.61
baseline,base,164,5.792425,,48012,85.31
baseline,base,165,5.783633,,36071,113.55
baseline,base,166,5.780141,,49419,82.88
baseline,base,167,5.773156,,51065,80.21
baseline,base,168,5.778377,,52488,78.04
baseline,base,169,5.768121,,51050,80.24
baseline,base,170,5.769814,,42765,95.78
baseline,base,171,5.763329,,52845,77.51
baseline,base,172,5.762465,,37972,107.87
baseline,base,173,5.761126,,49275,83.12
baseline,base,174,5.757718,,49767,82.3
baseline,base,175,5.762442,2.374406,45748,89.53
baseline,base,176,5.757259,,43457,94.25
baseline,base,177,5.754644,,43138,94.95
baseline,base,178,5.743998,,43880,93.35
baseline,base,179,5.727312,,51516,79.51
baseline,base,180,5.724436,,39991,102.42
baseline,base,181,5.712975,,51433,79.64
baseline,base,182,5.714372,,52431,78.12
baseline,base,183,5.716457,,46403,88.27
baseline,base,184,5.719317,,51125,80.12
baseline,base,185,5.718587,,54280,75.46
baseline,base,186,5.726731,,48182,85.01
baseline,base,187,5.725006,,38260,107.06
baseline,base,188,5.724853,,46198,88.66
baseline,base,189,5.728121,,44857,91.31
baseline,base,190,5.727028,,50555,81.02
baseline,base,191,5.717369,,55880,73.3
baseline,base,192,5.713182,,53404,76.7
baseline,base,193,5.705935,,49095,83.43
baseline,base,194,5.703856,,35486,115.42
baseline,base,195,5.699567,,39790,102.94
baseline,base,196,5.69416,,49576,82.62
baseline,base,197,5.685967,,48914,83.74
baseline,base,198,5.670713,,52941,77.37
baseline,base,199,5.660159,,49725,82.37
baseline,base,200,5.651721,2.343634,46846,87.43
baseline,base,201,5.648686,,37200,110.11
baseline,base,202,5.654844,,45737,89.56
baseline,base,203,5.661209,,47409,86.4
baseline,base,204,5.667811,,48157,85.05
baseline,base,205,5.66111,,46580,87.93
baseline,base,206,5.651967,,48670,84.16
baseline,base,207,5.65027,,49552,82.66
baseline,base,208,5.656722,,49552,82.66
baseline,base,209,5.643548,,37970,107.87
baseline,base,210,5.647782,,44587,91.86
baseline,base,211,5.645676,,50407,81.26
baseline,base,212,5.642678,,46959,87.22
baseline,base,213,5.637886,,47722,85.83
baseline,base,214,5.63928,,44175,92.72
baseline,base,215,5.635642,,44149,92.78
baseline,base,216,5.62662,,38987,105.06
baseline,base,217,5.629393,,45192,90.63
baseline,base,218,5.631051,,51073,80.2
baseline,base,219,5.631929,,46295,88.47
baseline,base,220,5.632421,,49573,82.62
baseline,base,221,5.633444,,53250,76.92
baseline,base,222,5.629007,,51808,79.06
baseline,base,223,5.628733,,36627,111.83
baseline,base,224,5.626833,,51415,79.67
baseline,base,225,5.627751,2.320339,44442,92.16
baseline,base,226,5.617551,,49108,83.41
baseline,base,227,5.610362,,52298,78.32
baseline,base,228,5.596016,,51417,79.66
baseline,base,229,5.590229,,53063,77.19
baseline,base,230,5.587812,,39813,102.88
baseline,base,231,5.586051,,50427,81.23
baseline,base,232,5.591899,,53797,76.14
baseline,base,233,5.583497,,46487,88.11
baseline,base,234,5.583704,,47861,85.58
baseline,base,235,5.573725,,45877,89.28
baseline,base,236,5.57248,,46511,88.07
baseline,base,237,5.568869,,52199,78.47
baseline,base,238,5.58033,,41157,99.52
baseline,base,239,5.589602,,54631,74.98
baseline,base,240,5.593463,,54066,75.76
baseline,base,241,5.587567,,50375,81.31
baseline,base,242,5.584223,,48978,83.63
baseline,base,243,5.586385,,50054,81.83
baseline,base,244,5.580113,,40842,100.29
baseline,base,245,5.57582,,38656,105.96
baseline,base,246,5.575933,,50549,81.03
baseline,base,247,5.565367,,51885,78.94
baseline,base,248,5.552301,,50508,81.09
baseline,base,249,5.55296,,49028,83.54
baseline,base,250,5.548791,2.305269,50171,81.64
baseline,base,251,5.554107,,48813,83.91
baseline,base,252,5.565104,,40877,100.2
baseline,base,253,5.567134,,53035,77.23
baseline,base,254,5.56982,,51704,79.22
baseline,base,255,5.573076,,46564,87.96
baseline,base,256,5.582159,,46909,87.32
baseline,base,257,5.576414,,42787,95.73
baseline,base,258,5.573192,,49659,82.48
baseline,base,259,5.570632,,35899,114.1
baseline,base,260,5.564427,,48974,83.64
baseline,base,261,5.55949,,50549,81.03
baseline,base,262,5.559025,,50480,81.14
baseline,base,263,5.551676,,49239,83.18
baseline,base,264,5.534842,,47949,85.42
baseline,base,265,5.535112,,50046,81.84
baseline,base,266,5.547864,,36373,112.61
baseline,base,267,5.540156,,46433,88.21
baseline,base,268,5.536588,,46588,87.92
baseline,base,269,5.537385,,39998,102.4
baseline,base,270,5.54717,,49609,82.56
baseline,base,271,5.539389,,53668,76.32
baseline,base,272,5.526973,,51272,79.89
baseline,base,273,5.521264,,52159,78.53
baseline,base,274,5.514935,,40969,99.98
baseline,base,275,5.51811,2.294143,48045,85.25
baseline,base,276,5.526733,,47089,86.98
baseline,base,277,5.521828,,47810,85.67
baseline,base,278,5.521287,,47001,87.15
baseline,base,279,5.517279,,50668,80.84
baseline,base,280,5.511244,,52560,77.93
baseline,base,281,5.506683,,34271,119.52
baseline,base,282,5.506781,,46883,87.37
baseline,base,283,5.511053,,47075,87.01
baseline,base,284,5.511879,,48182,85.01
baseline,base,285,5.510808,,47129,86.91
baseline,base,286,5.501244,,46927,87.28
baseline,base,287,5.509267,,49223,83.21
baseline,base,288,5.510867,,36801,111.3
baseline,base,289,5.509953,,50266,81.49
baseline,base,290,5.50511,,53328,76.81
baseline,base,291,5.506144,,49163,83.31
baseline,base,292,5.503763,,51679,79.26
baseline,base,293,5.498319,,50164,81.65
baseline,base,294,5.496496,,42053,97.4
baseline,base,295,5.495205,,39258,104.34
baseline,base,296,5.495287,,49579,82.62
baseline,base,297,5.499905,,51598,79.38
baseline,base,298,5.498853,,57355,71.41
baseline,base,299,5.505566,,53205,76.98
baseline,base,300,,2.288206,,
baseline,sft,0,,2.2892,,
baseline,sft,1,3.005623,,29839,137.27
baseline,sft,2,4.193919,,22588,181.33
baseline,sft,3,4.639588,,29811,137.4
baseline,sft,4,4.918025,,25843,158.49
baseline,sft,5,5.050589,,25686,159.46
baseline,sft,6,5.220089,,31400,130.45
baseline,sft,7,5.29538,,33348,122.82
baseline,sft,8,5.323386,,37965,107.89
baseline,sft,9,5.352297,,25461,160.87
baseline,sft,10,5.366311,2.2211,38319,106.89
baseline,sft,11,5.388677,,29806,137.42
baseline,sft,12,5.377371,,29909,136.95
baseline,sft,13,5.404437,,32802,124.87
baseline,sft,14,5.35868,,31682,129.28
baseline,sft,15,5.326475,,36248,113.0
baseline,sft,16,5.327032,,23441,174.73
baseline,sft,17,5.255603,,29033,141.08
baseline,sft,18,5.234804,,36688,111.64
baseline,sft,19,5.223603,,30263,135.34
baseline,sft,20,5.201521,2.1877,35963,113.89
baseline,sft,21,5.198085,,30576,133.96
baseline,sft,22,5.192014,,24967,164.05
baseline,sft,23,5.203192,,32354,126.6
baseline,sft,24,5.195816,,29292,139.83
baseline,sft,25,5.175693,,27526,148.8
baseline,sft,26,5.134397,,32998,124.13
baseline,sft,27,5.110284,,36120,113.4
baseline,sft,28,5.084874,,28705,142.69
baseline,sft,29,5.031952,,26538,154.34
baseline,sft,30,4.989079,2.1551,25378,161.4
baseline,sft,31,4.958832,,33315,122.95
baseline,sft,32,4.968866,,26118,156.82
baseline,sft,33,4.935984,,28272,144.88
baseline,sft,34,4.878553,,34198,119.77
baseline,sft,35,4.867306,,26437,154.93
baseline,sft,36,4.888509,,26440,154.91
baseline,sft,37,4.91044,,32779,124.96
baseline,sft,38,4.94314,,31562,129.77
baseline,sft,39,4.922711,2.1456,29631,138.23
probe_lr2x,base,0,8.317948,3.456354,47323,86.55
probe_lr2x,base,1,8.317826,,35112,116.66
probe_lr2x,base,2,8.317536,,42448,96.49
probe_lr2x,base,3,8.317013,,36199,113.15
probe_lr2x,base,4,8.316495,,50579,80.98
probe_lr2x,base,5,8.315786,,46619,87.86
probe_lr2x,base,6,8.314948,,45421,90.18
probe_lr2x,base,7,8.313791,,45839,89.35
probe_lr2x,base,8,8.312511,,41440,98.84
probe_lr2x,base,9,8.310988,,44160,92.75
probe_lr2x,base,10,8.308986,,46805,87.51
probe_lr2x,base,11,8.306622,,51489,79.55
probe_lr2x,base,12,8.304176,,46796,87.53
probe_lr2x,base,13,8.301422,,46004,89.03
probe_lr2x,base,14,8.29721,,45206,90.61
probe_lr2x,base,15,8.292356,,36441,112.4
probe_lr2x,base,16,8.286173,,43594,93.96
probe_lr2x,base,17,8.276984,,51061,80.22
probe_lr2x,base,18,8.266972,,51144,80.09
probe_lr2x,base,19,8.254572,,50414,81.25
probe_lr2x,base,20,8.240233,,48525,84.41
probe_lr2x,base,21,8.223689,,51857,78.99
probe_lr2x,base,22,8.202363,,41375,99.0
probe_lr2x,base,23,8.178298,,50821,80.6
probe_lr2x,base,24,8.150579,,51304,79.84
probe_lr2x,base,25,8.117461,3.261715,43095,95.04
probe_lr2x,base,26,8.085675,,49179,83.29
probe_lr2x,base,27,8.047095,,47806,85.68
probe_lr2x,base,28,8.006824,,47481,86.27
probe_lr2x,base,29,7.966482,,49769,82.3
probe_lr2x,base,30,7.917678,,36029,113.68
probe_lr2x,base,31,7.867483,,48264,84.87
probe_lr2x,base,32,7.815102,,52733,77.67
probe_lr2x,base,33,7.762904,,45317,90.38
probe_lr2x,base,34,7.714108,,43917,93.27
probe_lr2x,base,35,7.667746,,40136,102.05
probe_lr2x,base,36,7.611244,,47663,85.94
probe_lr2x,base,37,7.568386,,39144,104.64
probe_lr2x,base,38,7.516047,,51356,79.76
probe_lr2x,base,39,7.467702,,51723,79.19
probe_lr2x,base,40,7.421723,,51640,79.32
probe_lr2x,base,41,7.376258,,52872,77.47
probe_lr2x,base,42,7.347093,,53747,76.21
probe_lr2x,base,43,7.307101,,47887,85.53
probe_lr2x,base,44,7.268412,,38900,105.29
probe_lr2x,base,45,7.233356,,51403,79.68
probe_lr2x,base,46,7.205298,,50336,81.37
probe_lr2x,base,47,7.173654,,46368,88.34
probe_lr2x,base,48,7.139114,,47392,86.43
probe_lr2x,base,49,7.114392,,47963,85.4
probe_lr2x,base,50,7.076522,2.815494,44819,91.39
probe_lr2x,base,51,7.042513,,33611,121.86
probe_lr2x,base,52,7.007753,,52085,78.64
probe_lr2x,base,53,6.975428,,53545,76.5
probe_lr2x,base,54,6.946048,,49952,82.0
probe_lr2x,base,55,6.922047,,52508,78.01
probe_lr2x,base,56,6.892766,,51237,79.94
probe_lr2x,base,57,6.870523,,45757,89.51
probe_lr2x,base,58,6.835991,,36864,111.11
probe_lr2x,base,59,6.820782,,31401,130.44
probe_lr2x,base,60,6.797023,,44029,93.03
probe_lr2x,base,61,6.769329,,47832,85.63
probe_lr2x,base,62,6.743636,,52330,78.27
probe_lr2x,base,63,6.71833,,50531,81.06
probe_lr2x,base,64,6.694054,,51691,79.24
probe_lr2x,base,65,6.665347,,50843,80.56
probe_lr2x,base,66,6.64139,,39787,102.95
probe_lr2x,base,67,6.618111,,49112,83.4
probe_lr2x,base,68,6.595645,,53167,77.04
probe_lr2x,base,69,6.583473,,50813,80.61
probe_lr2x,base,70,6.564792,,46691,87.73
probe_lr2x,base,71,6.543527,,48134,85.1
probe_lr2x,base,72,6.533048,,49630,82.53
probe_lr2x,base,73,6.516684,,37032,110.61
probe_lr2x,base,74,6.503225,,47198,86.78
probe_lr2x,base,75,6.487252,2.638527,46555,87.98
probe_lr2x,base,76,6.466278,,48611,84.26
probe_lr2x,base,77,6.444964,,49165,83.31
probe_lr2x,base,78,6.423074,,52202,78.46
probe_lr2x,base,79,6.422023,,51947,78.85
probe_lr2x,base,80,6.394622,,39307,104.2
probe_lr2x,base,81,6.386181,,46452,88.18
probe_lr2x,base,82,6.374721,,47210,86.76
probe_lr2x,base,83,6.362735,,53221,76.96
probe_lr2x,base,84,6.345082,,45392,90.23
probe_lr2x,base,85,6.333578,,49278,83.12
probe_lr2x,base,86,6.312031,,43704,93.72
probe_lr2x,base,87,6.304424,,34475,118.81
probe_lr2x,base,88,6.298906,,48988,83.61
probe_lr2x,base,89,6.297639,,48547,84.37
probe_lr2x,base,90,6.289507,,45960,89.12
probe_lr2x,base,91,6.268012,,48995,83.6
probe_lr2x,base,92,6.250069,,50301,81.43
probe_lr2x,base,93,6.237815,,48758,84.01
probe_lr2x,base,94,6.229975,,37345,109.68
probe_lr2x,base,95,6.219995,,49051,83.5
probe_lr2x,base,96,6.210383,,50267,81.48
probe_lr2x,base,97,6.20016,,51675,79.26
probe_lr2x,base,98,6.191903,,51047,80.24
probe_lr2x,base,99,6.175189,,50050,81.84
probe_lr2x,base,100,6.170709,2.535822,42753,95.8
probe_lr2x,base,101,6.155687,,35904,114.08
probe_lr2x,base,102,6.158813,,47861,85.58
probe_lr2x,base,103,6.155975,,45594,89.83
probe_lr2x,base,104,6.147989,,42612,96.12
probe_lr2x,base,105,6.152105,,48724,84.07
probe_lr2x,base,106,6.14847,,50645,80.88
probe_lr2x,base,107,6.137811,,44659,91.72
probe_lr2x,base,108,6.125506,,36181,113.21
probe_lr2x,base,109,6.117927,,47112,86.94
probe_lr2x,base,110,6.102856,,52813,77.56
probe_lr2x,base,111,6.100796,,46413,88.25
probe_lr2x,base,112,6.094388,,45999,89.04
probe_lr2x,base,113,6.077677,,45432,90.16
probe_lr2x,base,114,6.068665,,46130,88.79
probe_lr2x,base,115,6.062421,,37857,108.2
probe_lr2x,base,116,6.05507,,45811,89.41
probe_lr2x,base,117,6.053912,,45981,89.08
probe_lr2x,base,118,6.052656,,48839,83.87
probe_lr2x,base,119,6.044313,,48769,83.99
probe_lr2x,base,120,6.034757,,48490,84.47
probe_lr2x,base,121,6.02136,,48554,84.36
probe_lr2x,base,122,6.013189,,36682,111.66
probe_lr2x,base,123,6.000469,,46889,87.35
probe_lr2x,base,124,5.99409,,50790,80.64
probe_lr2x,base,125,5.99186,2.46157,48344,84.72
probe_lr2x,base,126,5.979774,,50253,81.51
probe_lr2x,base,127,5.970397,,51031,80.26
probe_lr2x,base,128,5.959575,,47181,86.81
probe_lr2x,base,129,5.948117,,36301,112.83
probe_lr2x,base,130,5.950067,,49711,82.4
probe_lr2x,base,131,5.942152,,36281,112.89
probe_lr2x,base,132,5.936093,,46367,88.34
probe_lr2x,base,133,5.92876,,48434,84.57
probe_lr2x,base,134,5.917783,,48671,84.16
probe_lr2x,base,135,5.907924,,47373,86.46
probe_lr2x,base,136,5.913745,,46233,88.59
probe_lr2x,base,137,5.906169,,33840,121.04
probe_lr2x,base,138,5.899838,,43145,94.93
probe_lr2x,base,139,5.903784,,47939,85.44
probe_lr2x,base,140,5.903016,,54038,75.8
probe_lr2x,base,141,5.900708,,45494,90.03
probe_lr2x,base,142,5.90599,,46965,87.21
probe_lr2x,base,143,5.889515,,50011,81.9
probe_lr2x,base,144,5.886375,,35738,114.61
probe_lr2x,base,145,5.884957,,48858,83.83
probe_lr2x,base,146,5.874659,,46400,88.28
probe_lr2x,base,147,5.865982,,46741,87.63
probe_lr2x,base,148,5.868684,,46983,87.18
probe_lr2x,base,149,5.857962,,46350,88.37
probe_lr2x,base,150,5.849663,2.406453,46435,88.21
probe_lr2x,base,151,5.838454,,36049,113.62
probe_lr2x,base,152,5.825506,,49290,83.1
probe_lr2x,base,153,5.821704,,45240,90.54
probe_lr2x,base,154,5.81346,,37232,110.01
probe_lr2x,base,155,5.816883,,50182,81.62
probe_lr2x,base,156,5.807058,,51716,79.2
probe_lr2x,base,157,5.801411,,52899,77.43
probe_lr2x,base,158,5.804686,,38447,106.54
probe_lr2x,base,159,5.804111,,48166,85.04
probe_lr2x,base,160,5.80564,,49891,82.1
probe_lr2x,base,161,5.803377,,51504,79.53
probe_lr2x,base,162,5.789423,,51704,79.22
probe_lr2x,base,163,5.778713,,53961,75.91
probe_lr2x,base,164,5.774264,,48063,85.22
probe_lr2x,base,165,5.76544,,31654,129.4
probe_lr2x,base,166,5.761457,,46154,88.74
probe_lr2x,base,167,5.75372,,44907,91.21
probe_lr2x,base,168,5.759247,,42886,95.51
probe_lr2x,base,169,5.749212,,46268,88.53
probe_lr2x,base,170,5.751224,,46924,87.29
probe_lr2x,base,171,5.744873,,41734,98.14
probe_lr2x,base,172,5.743966,,30729,133.29
probe_lr2x,base,173,5.742674,,49050,83.51
probe_lr2x,base,174,5.739184,,49893,82.1
probe_lr2x,base,175,5.744269,2.365374,42981,95.3
probe_lr2x,base,176,5.738153,,48473,84.5
probe_lr2x,base,177,5.734891,,44565,91.91
probe_lr2x,base,178,5.724427,,37429,109.43
probe_lr2x,base,179,5.707357,,47231,86.72
probe_lr2x,base,180,5.704051,,36302,112.83
probe_lr2x,base,181,5.691998,,46293,88.48
probe_lr2x,base,182,5.692825,,49328,83.04
probe_lr2x,base,183,5.695834,,47683,85.9
probe_lr2x,base,184,5.698476,,47652,85.96
probe_lr2x,base,185,5.697586,,47614,86.02
probe_lr2x,base,186,5.705757,,47408,86.4
probe_lr2x,base,187,5.703923,,38939,105.19
probe_lr2x,base,188,5.703801,,49684,82.44
probe_lr2x,base,189,5.706905,,49433,82.86
probe_lr2x,base,190,5.706146,,47480,86.27
probe_lr2x,base,191,5.696227,,46106,88.84
probe_lr2x,base,192,5.692641,,45358,90.3
probe_lr2x,base,193,5.685487,,44675,91.68
probe_lr2x,base,194,5.683164,,37538,109.11
probe_lr2x,base,195,5.678484,,52834,77.53
probe_lr2x,base,196,5.672426,,50142,81.69
probe_lr2x,base,197,5.66371,,49430,82.86
probe_lr2x,base,198,5.648033,,44788,91.45
probe_lr2x,base,199,5.637386,,46332,88.4
probe_lr2x,base,200,5.628779,2.333653,47221,86.74
probe_lr2x,base,201,5.626129,,32335,126.67
probe_lr2x,base,202,5.63186,,48338,84.74
probe_lr2x,base,203,5.63879,,47742,85.79
probe_lr2x,base,204,5.644958,,47331,86.54
probe_lr2x,base,205,5.638078,,47709,85.85
probe_lr2x,base,206,5.628906,,48429,84.58
probe_lr2x,base,207,5.627308,,52094,78.63
probe_lr2x,base,208,5.633297,,46813,87.5
probe_lr2x,base,209,5.620235,,37138,110.29
probe_lr2x,base,210,5.624156,,49233,83.19
probe_lr2x,base,211,5.622327,,43849,93.41
probe_lr2x,base,212,5.618999,,44933,91.16
probe_lr2x,base,213,5.614352,,45574,89.88
probe_lr2x,base,214,5.615695,,42935,95.4
probe_lr2x,base,215,5.612641,,48790,83.95
probe_lr2x,base,216,5.6032,,40264,101.73
probe_lr2x,base,217,5.605463,,48271,84.85
probe_lr2x,base,218,5.606546,,49654,82.49
probe_lr2x,base,219,5.60696,,48628,84.23
probe_lr2x,base,220,5.607794,,50080,81.79
probe_lr2x,base,221,5.609215,,51432,79.64
probe_lr2x,base,222,5.604679,,50022,81.88
probe_lr2x,base,223,5.603729,,35245,116.21
probe_lr2x,base,224,5.601694,,44986,91.05
probe_lr2x,base,225,5.602896,2.309963,36342,112.7
probe_lr2x,base,226,5.592241,,48279,84.84
probe_lr2x,base,227,5.585642,,48121,85.12
probe_lr2x,base,228,5.571432,,51636,79.32
probe_lr2x,base,229,5.565729,,43282,94.63
probe_lr2x,base,230,5.563102,,34824,117.62
probe_lr2x,base,231,5.562118,,47539,86.16
probe_lr2x,base,232,5.567893,,52168,78.52
probe_lr2x,base,233,5.559031,,45811,89.41
probe_lr2x,base,234,5.559588,,43339,94.51
probe_lr2x,base,235,5.549636,,44676,91.68
probe_lr2x,base,236,5.548338,,44417,92.22
probe_lr2x,base,237,5.544487,,46677,87.75
probe_lr2x,base,238,5.555514,,38334,106.85
probe_lr2x,base,239,5.564378,,50110,81.74
probe_lr2x,base,240,5.569164,,52206,78.46
probe_lr2x,base,241,5.562934,,45297,90.42
probe_lr2x,base,242,5.55937,,49699,82.41
probe_lr2x,base,243,5.561878,,52189,78.48
probe_lr2x,base,244,5.555247,,50186,81.61
probe_lr2x,base,245,5.550936,,38485,106.43
probe_lr2x,base,246,5.550924,,45194,90.63
probe_lr2x,base,247,5.539774,,44237,92.59
probe_lr2x,base,248,5.526959,,46920,87.3
probe_lr2x,base,249,5.528178,,48499,84.45
probe_lr2x,base,250,5.523569,2.294093,49318,83.05
probe_lr2x,base,251,5.52886,,50969,80.36
probe_lr2x,base,252,5.539327,,39127,104.68
probe_lr2x,base,253,5.541988,,44111,92.86
probe_lr2x,base,254,5.544683,,44063,92.96
probe_lr2x,base,255,5.548434,,45049,90.92
probe_lr2x,base,256,5.557303,,44141,92.79
probe_lr2x,base,257,5.551115,,49178,83.29
probe_lr2x,base,258,5.547159,,47515,86.2
probe_lr2x,base,259,5.545185,,34352,119.24
probe_lr2x,base,260,5.538545,,43794,93.53
probe_lr2x,base,261,5.533443,,48449,84.54
probe_lr2x,base,262,5.53279,,49529,82.7
probe_lr2x,base,263,5.52524,,44869,91.29
probe_lr2x,base,264,5.507697,,47693,85.88
probe_lr2x,base,265,5.508223,,47943,85.43
probe_lr2x,base,266,5.520273,,38281,107.0
probe_lr2x,base,267,5.511951,,47314,86.57
probe_lr2x,base,268,5.508211,,51716,79.2
probe_lr2x,base,269,5.50922,,46174,88.71
probe_lr2x,base,270,5.519072,,50851,80.55
probe_lr2x,base,271,5.511003,,51286,79.86
probe_lr2x,base,272,5.498265,,52447,78.1
probe_lr2x,base,273,5.492629,,49983,81.95
probe_lr2x,base,274,5.486507,,39580,103.48
probe_lr2x,base,275,5.489292,2.282804,47722,85.83
probe_lr2x,base,276,5.498597,,48825,83.89
probe_lr2x,base,277,5.49279,,50479,81.14
probe_lr2x,base,278,5.491711,,49611,82.56
probe_lr2x,base,279,5.48828,,50061,81.82
probe_lr2x,base,280,5.481389,,52984,77.31
probe_lr2x,base,281,5.476523,,36019,113.72
probe_lr2x,base,282,5.476982,,50719,80.76
probe_lr2x,base,283,5.481541,,50247,81.52
probe_lr2x,base,284,5.482734,,50273,81.47
probe_lr2x,base,285,5.480936,,51380,79.72
probe_lr2x,base,286,5.471739,,50668,80.84
probe_lr2x,base,287,5.479797,,52715,77.7
probe_lr2x,base,288,5.481366,,36631,111.81
probe_lr2x,base,289,5.480892,,47446,86.33
probe_lr2x,base,290,5.475754,,47861,85.58
probe_lr2x,base,291,5.476876,,50277,81.47
probe_lr2x,base,292,5.474354,,46849,87.43
probe_lr2x,base,293,5.468612,,47678,85.91
probe_lr2x,base,294,5.466388,,44700,91.63
probe_lr2x,base,295,5.465933,,33668,121.66
probe_lr2x,base,296,5.466541,,45968,89.11
probe_lr2x,base,297,5.471837,,49971,81.97
probe_lr2x,base,298,5.470085,,44638,91.76
probe_lr2x,base,299,5.476664,,46623,87.85
probe_lr2x,base,300,,2.276136,,
probe_vocab2048,base,0,7.62474,3.68329,66052,62.01
probe_vocab2048,base,1,7.624459,,73066,56.06
probe_vocab2048,base,2,7.624159,,79627,51.44
probe_vocab2048,base,3,7.62371,,41228,99.35
probe_vocab2048,base,4,7.623135,,68023,60.21
probe_vocab2048,base,5,7.62239,,72226,56.71
probe_vocab2048,base,6,7.621533,,75555,54.21
probe_vocab2048,base,7,7.620506,,70254,58.3
probe_vocab2048,base,8,7.61923,,83962,48.78
probe_vocab2048,base,9,7.617754,,72271,56.67
probe_vocab2048,base,10,7.6157,,57446,71.3
probe_vocab2048,base,11,7.613133,,74257,55.16
probe_vocab2048,base,12,7.610229,,78760,52.01
probe_vocab2048,base,13,7.606628,,78082,52.46
probe_vocab2048,base,14,7.602257,,79151,51.75
probe_vocab2048,base,15,7.59702,,79121,51.77
probe_vocab2048,base,16,7.59029,,85020,48.18
probe_vocab2048,base,17,7.581308,,57904,70.74
probe_vocab2048,base,18,7.570368,,66520,61.58
probe_vocab2048,base,19,7.557203,,70567,58.04
probe_vocab2048,base,20,7.54051,,71552,57.24
probe_vocab2048,base,21,7.523285,,81321,50.37
probe_vocab2048,base,22,7.502215,,88355,46.36
probe_vocab2048,base,23,7.477597,,86897,47.14
probe_vocab2048,base,24,7.44929,,59599,68.73
probe_vocab2048,base,25,7.419013,3.4531,83956,48.79
probe_vocab2048,base,26,7.382155,,81084,50.52
probe_vocab2048,base,27,7.346355,,70536,58.07
probe_vocab2048,base,28,7.305157,,73797,55.5
probe_vocab2048,base,29,7.261925,,70005,58.51
probe_vocab2048,base,30,7.219615,,67556,60.63
probe_vocab2048,base,31,7.172965,,57859,70.79
probe_vocab2048,base,32,7.13031,,86446,47.38
probe_vocab2048,base,33,7.086399,,87681,46.71
probe_vocab2048,base,34,7.04116,,70892,57.78
probe_vocab2048,base,35,7.001512,,71526,57.27
probe_vocab2048,base,36,6.961545,,72803,56.26
probe_vocab2048,base,37,6.916405,,74566,54.93
probe_vocab2048,base,38,6.875212,,70075,58.45
probe_vocab2048,base,39,6.838691,,54274,75.47
probe_vocab2048,base,40,6.800178,,73432,55.78
probe_vocab2048,base,41,6.762766,,68516,59.78
probe_vocab2048,base,42,6.726694,,72643,56.39
probe_vocab2048,base,43,6.693405,,74326,55.11
probe_vocab2048,base,44,6.657906,,69404,59.02
probe_vocab2048,base,45,6.62067,,74176,55.22
probe_vocab2048,base,46,6.586211,,36306,112.82
probe_vocab2048,base,47,6.555618,,68923,59.43
probe_vocab2048,base,48,6.526191,,66482,61.61
probe_vocab2048,base,49,6.49104,,72833,56.24
probe_vocab2048,base,50,6.458409,2.982882,69828,58.66
probe_vocab2048,base,51,6.425405,,75435,54.3
probe_vocab2048,base,52,6.399968,,68556,59.75
probe_vocab2048,base,53,6.372046,,43901,93.3
probe_vocab2048,base,54,6.343357,,70279,58.28
probe_vocab2048,base,55,6.316444,,68909,59.44
probe_vocab2048,base,56,6.284124,,78474,52.2
probe_vocab2048,base,57,6.256612,,73737,55.55
probe_vocab2048,base,58,6.230656,,75421,54.31
probe_vocab2048,base,59,6.200999,,74576,54.92
probe_vocab2048,base,60,6.175977,,82964,49.37
probe_vocab2048,base,61,6.155572,,50907,80.46
probe_vocab2048,base,62,6.129511,,71349,57.41
probe_vocab2048,base,63,6.114425,,74757,54.79
probe_vocab2048,base,64,6.089215,,74291,55.13
probe_vocab2048,base,65,6.069375,,67235,60.92
probe_vocab2048,base,66,6.059525,,73117,56.02
probe_vocab2048,base,67,6.037074,,80072,51.15
probe_vocab2048,base,68,6.01403,,52243,78.4
probe_vocab2048,base,69,5.995183,,74230,55.18
probe_vocab2048,base,70,5.971444,,77752,52.68
probe_vocab2048,base,71,5.959187,,62114,65.94
probe_vocab2048,base,72,5.950266,,63901,64.1
probe_vocab2048,base,73,5.931302,,58950,69.48
probe_vocab2048,base,74,5.916145,,60896,67.26
probe_vocab2048,base,75,5.892276,2.793805,52935,77.38
probe_vocab2048,base,76,5.882529,,70942,57.74
probe_vocab2048,base,77,5.870241,,81163,50.47
probe_vocab2048,base,78,5.852287,,71886,56.98
probe_vocab2048,base,79,5.840331,,63480,64.52
probe_vocab2048,base,80,5.823799,,73853,55.46
probe_vocab2048,base,81,5.811983,,72040,56.86
probe_vocab2048,base,82,5.800062,,43465,94.24
probe_vocab2048,base,83,5.779592,,68230,60.03
probe_vocab2048,base,84,5.773451,,64070,63.93
probe_vocab2048,base,85,5.75783,,68383,59.9
probe_vocab2048,base,86,5.748946,,67231,60.92
probe_vocab2048,base,87,5.738404,,71237,57.5
probe_vocab2048,base,88,5.729199,,74090,55.28
probe_vocab2048,base,89,5.721254,,71930,56.94
probe_vocab2048,base,90,5.704972,,47165,86.84
probe_vocab2048,base,91,5.701254,,75359,54.35
probe_vocab2048,base,92,5.695599,,73424,55.79
probe_vocab2048,base,93,5.685475,,67601,60.59
probe_vocab2048,base,94,5.66839,,63445,64.56
probe_vocab2048,base,95,5.660713,,64732,63.28
probe_vocab2048,base,96,5.655281,,64236,63.76
probe_vocab2048,base,97,5.641664,,42963,95.34
probe_vocab2048,base,98,5.634646,,57310,71.47
probe_vocab2048,base,99,5.62542,,59054,69.36
probe_vocab2048,base,100,5.616038,2.675608,74395,55.06
probe_vocab2048,base,101,5.605321,,74755,54.79
probe_vocab2048,base,102,5.587533,,70454,58.14
probe_vocab2048,base,103,5.576205,,72963,56.14
probe_vocab2048,base,104,5.564611,,48848,83.85
probe_vocab2048,base,105,5.559137,,51378,79.72
probe_vocab2048,base,106,5.550981,,65691,62.35
probe_vocab2048,base,107,5.551245,,74736,54.81
probe_vocab2048,base,108,5.549329,,77100,53.13
probe_vocab2048,base,109,5.547683,,77771,52.67
probe_vocab2048,base,110,5.535607,,70298,58.27
probe_vocab2048,base,111,5.531167,,41710,98.2
probe_vocab2048,base,112,5.524607,,55121,74.31
probe_vocab2048,base,113,5.512695,,61636,66.45
probe_vocab2048,base,114,5.50016,,61343,66.77
probe_vocab2048,base,115,5.490674,,61963,66.1
probe_vocab2048,base,116,5.480573,,72130,56.79
probe_vocab2048,base,117,5.474377,,64489,63.51
probe_vocab2048,base,118,5.464761,,65794,62.25
probe_vocab2048,base,119,5.45573,,42590,96.17
probe_vocab2048,base,120,5.449057,,59862,68.42
probe_vocab2048,base,121,5.445932,,62586,65.45
probe_vocab2048,base,122,5.438786,,78118,52.43
probe_vocab2048,base,123,5.433081,,77516,52.84
probe_vocab2048,base,124,5.424756,,64052,63.95
probe_vocab2048,base,125,5.421876,2.588342,66488,61.6
probe_vocab2048,base,126,5.40651,,56275,72.79
probe_vocab2048,base,127,5.397361,,78653,52.08
probe_vocab2048,base,128,5.389922,,79859,51.29
probe_vocab2048,base,129,5.385195,,80201,51.07
probe_vocab2048,base,130,5.379921,,79084,51.79
probe_vocab2048,base,131,5.371494,,71311,57.44
probe_vocab2048,base,132,5.37146,,70281,58.28
probe_vocab2048,base,133,5.370843,,37305,109.8
probe_vocab2048,base,134,5.363425,,68870,59.47
probe_vocab2048,base,135,5.353151,,64687,63.32
probe_vocab2048,base,136,5.340115,,57277,71.51
probe_vocab2048,base,137,5.335977,,67100,61.04
probe_vocab2048,base,138,5.320694,,69638,58.82
probe_vocab2048,base,139,5.312278,,69082,59.29
probe_vocab2048,base,140,5.311049,,67525,60.66
probe_vocab2048,base,141,5.309192,,39648,103.31
probe_vocab2048,base,142,5.302967,,69573,58.87
probe_vocab2048,base,143,5.308051,,71091,57.62
probe_vocab2048,base,144,5.308329,,73903,55.42
probe_vocab2048,base,145,5.308294,,75193,54.47
probe_vocab2048,base,146,5.310436,,77321,52.97
probe_vocab2048,base,147,5.29992,,68884,59.46
probe_vocab2048,base,148,5.286906,,48105,85.15
probe_vocab2048,base,149,5.287035,,77358,52.95
probe_vocab2048,base,150,5.277534,2.526694,70909,57.76
probe_vocab2048,base,151,5.268959,,81226,50.43
probe_vocab2048,base,152,5.265057,,73625,55.63
probe_vocab2048,base,153,5.25861,,63717,64.28
probe_vocab2048,base,154,5.251186,,63729,64.27
probe_vocab2048,base,155,5.248431,,42868,95.55
probe_vocab2048,base,156,5.244012,,61925,66.14
probe_vocab2048,base,157,5.23713,,61713,66.37
probe_vocab2048,base,158,5.234699,,62801,65.22
probe_vocab2048,base,159,5.232622,,67008,61.13
probe_vocab2048,base,160,5.236032,,64394,63.61
probe_vocab2048,base,161,5.232736,,68266,60.0
probe_vocab2048,base,162,5.226155,,63849,64.15
probe_vocab2048,base,163,5.221931,,41720,98.18
probe_vocab2048,base,164,5.222943,,71263,57.48
probe_vocab2048,base,165,5.223831,,85151,48.1
probe_vocab2048,base,166,5.217257,,65791,62.26
probe_vocab2048,base,167,5.212908,,74594,54.91
probe_vocab2048,base,168,5.204306,,67928,60.3
probe_vocab2048,base,169,5.19997,,67819,60.4
probe_vocab2048,base,170,5.203671,,45460,90.1
probe_vocab2048,base,171,5.194873,,71034,57.66
probe_vocab2048,base,172,5.18703,,72707,56.34
probe_vocab2048,base,173,5.192763,,77296,52.99
probe_vocab2048,base,174,5.189018,,66482,61.61
probe_vocab2048,base,175,5.187744,2.480876,62389,65.65
probe_vocab2048,base,176,5.191019,,65462,62.57
probe_vocab2048,base,177,5.182297,,39156,104.61
probe_vocab2048,base,178,5.179242,,69674,58.79
probe_vocab2048,base,179,5.173725,,67757,60.45
probe_vocab2048,base,180,5.181852,,71003,57.69
probe_vocab2048,base,181,5.181628,,65635,62.41
probe_vocab2048,base,182,5.176422,,65023,62.99
probe_vocab2048,base,183,5.170899,,71691,57.13
probe_vocab2048,base,184,5.16237,,75956,53.93
probe_vocab2048,base,185,5.149831,,49531,82.7
probe_vocab2048,base,186,5.145496,,66823,61.3
probe_vocab2048,base,187,5.144676,,67143,61.0
probe_vocab2048,base,188,5.141723,,72337,56.62
probe_vocab2048,base,189,5.137325,,67682,60.52
probe_vocab2048,base,190,5.143738,,67541,60.64
probe_vocab2048,base,191,5.14658,,70245,58.31
probe_vocab2048,base,192,5.135192,,52599,77.87
probe_vocab2048,base,193,5.133212,,69583,58.86
probe_vocab2048,base,194,5.128289,,60723,67.45
probe_vocab2048,base,195,5.126435,,70007,58.51
probe_vocab2048,base,196,5.117381,,73432,55.78
probe_vocab2048,base,197,5.119633,,76755,53.36
probe_vocab2048,base,198,5.112783,,75294,54.4
probe_vocab2048,base,199,5.108216,,53364,76.75
probe_vocab2048,base,200,5.103335,2.447436,77817,52.64
probe_vocab2048,base,201,5.095349,,54155,75.63
probe_vocab2048,base,202,5.087633,,71312,57.44
probe_vocab2048,base,203,5.077578,,74275,55.15
probe_vocab2048,base,204,5.068544,,67149,61.0
probe_vocab2048,base,205,5.057975,,65902,62.15
probe_vocab2048,base,206,5.051914,,68470,59.82
probe_vocab2048,base,207,5.05186,,49586,82.6
probe_vocab2048,base,208,5.058135,,79126,51.77
probe_vocab2048,base,209,5.059187,,71892,56.97
probe_vocab2048,base,210,5.05568,,64082,63.92
probe_vocab2048,base,211,5.048956,,67206,60.95
probe_vocab2048,base,212,5.04862,,72566,56.44
probe_vocab2048,base,213,5.050523,,79144,51.75
probe_vocab2048,base,214,5.054477,,50697,80.79
probe_vocab2048,base,215,5.053611,,83903,48.82
probe_vocab2048,base,216,5.055862,,78454,52.21
probe_vocab2048,base,217,5.0497,,72252,56.69
probe_vocab2048,base,218,5.044684,,76430,53.59
probe_vocab2048,base,219,5.047828,,76325,53.66
probe_vocab2048,base,220,5.044709,,76169,53.77
probe_vocab2048,base,221,5.0358,,46744,87.63
probe_vocab2048,base,222,5.036489,,62695,65.33
probe_vocab2048,base,223,5.043634,,66134,61.93
probe_vocab2048,base,224,5.043678,,69451,58.98
probe_vocab2048,base,225,5.039889,2.421025,73891,55.43
probe_vocab2048,base,226,5.039304,,69452,58.98
probe_vocab2048,base,227,5.031616,,76235,53.73
probe_vocab2048,base,228,5.032397,,76510,53.54
probe_vocab2048,base,229,5.027925,,43667,93.8
probe_vocab2048,base,230,5.02468,,65681,62.36
probe_vocab2048,base,231,5.030546,,63757,64.24
probe_vocab2048,base,232,5.023752,,68292,59.98
probe_vocab2048,base,233,5.016387,,74056,55.31
probe_vocab2048,base,234,5.009083,,68236,60.03
probe_vocab2048,base,235,5.008655,,72166,56.76
probe_vocab2048,base,236,5.004914,,46837,87.45
probe_vocab2048,base,237,5.00355,,68446,59.84
probe_vocab2048,base,238,5.008462,,52987,77.3
probe_vocab2048,base,239,4.998447,,79163,51.74
probe_vocab2048,base,240,4.99777,,67799,60.41
probe_vocab2048,base,241,4.996608,,76715,53.39
probe_vocab2048,base,242,4.995013,,72429,56.55
probe_vocab2048,base,243,4.989632,,68687,59.63
probe_vocab2048,base,244,4.983902,,43395,94.39
probe_vocab2048,base,245,4.992192,,59834,68.46
probe_vocab2048,base,246,4.992622,,64776,63.23
probe_vocab2048,base,247,4.993187,,55567,73.71
probe_vocab2048,base,248,4.995158,,56669,72.28
probe_vocab2048,base,249,4.996255,,69149,59.23
probe_vocab2048,base,250,4.989907,2.403515,65554,62.48
probe_vocab2048,base,251,4.989936,,48283,84.83
probe_vocab2048,base,252,4.987473,,77939,52.55
probe_vocab2048,base,253,4.97744,,79050,51.82
probe_vocab2048,base,254,4.971021,,77425,52.9
probe_vocab2048,base,255,4.965275,,77241,53.03
probe_vocab2048,base,256,4.967806,,76782,53.35
probe_vocab2048,base,257,4.967463,,77780,52.66
probe_vocab2048,base,258,4.968902,,54980,74.5
probe_vocab2048,base,259,4.962657,,72889,56.19
probe_vocab2048,base,260,4.979425,,65920,62.14
probe_vocab2048,base,261,4.97509,,62295,65.75
probe_vocab2048,base,262,4.975705,,60404,67.81
probe_vocab2048,base,263,4.97675,,53095,77.14
probe_vocab2048,base,264,4.97267,,59263,69.12
probe_vocab2048,base,265,4.972831,,56443,72.57
probe_vocab2048,base,266,4.966609,,37321,109.75
probe_vocab2048,base,267,4.963063,,51506,79.52
probe_vocab2048,base,268,4.964353,,57246,71.55
probe_vocab2048,base,269,4.966702,,63153,64.86
probe_vocab2048,base,270,4.956668,,71525,57.27
probe_vocab2048,base,271,4.953291,,65835,62.22
probe_vocab2048,base,272,4.950533,,71808,57.04
probe_vocab2048,base,273,4.940951,,41670,98.3
probe_vocab2048,base,274,4.935847,,62627,65.4
probe_vocab2048,base,275,4.928375,2.391034,72145,56.77
probe_vocab2048,base,276,4.934421,,79961,51.22
probe_vocab2048,base,277,4.933369,,76076,53.84
probe_vocab2048,base,278,4.931742,,73974,55.37
probe_vocab2048,base,279,4.924662,,69100,59.28
probe_vocab2048,base,280,4.922067,,51243,79.93
probe_vocab2048,base,281,4.928301,,69945,58.56
probe_vocab2048,base,282,4.927189,,64110,63.89
probe_vocab2048,base,283,4.939294,,60941,67.21
probe_vocab2048,base,284,4.934069,,62757,65.27
probe_vocab2048,base,285,4.932249,,67504,60.68
probe_vocab2048,base,286,4.933073,,63189,64.82
probe_vocab2048,base,287,4.92435,,69422,59.0
probe_vocab2048,base,288,4.925602,,38495,106.4
probe_vocab2048,base,289,4.921621,,57955,70.68
probe_vocab2048,base,290,4.925488,,60321,67.9
probe_vocab2048,base,291,4.922404,,64468,63.53
probe_vocab2048,base,292,4.920226,,65089,62.93
probe_vocab2048,base,293,4.915856,,69986,58.53
probe_vocab2048,base,294,4.919451,,80092,51.14
probe_vocab2048,base,295,4.930147,,52034,78.72
probe_vocab2048,base,296,4.922704,,76401,53.61
probe_vocab2048,base,297,4.921389,,79928,51.25
probe_vocab2048,base,298,4.934274,,78476,52.19
probe_vocab2048,base,299,4.936957,,77382,52.93
probe_vocab2048,base,300,,2.384032,,
